|Speed_Zepyhr|Length_Zepyhr|Text_Zepyhr
0|8.295528650283813|294|"
Dear Tom,

We discussed during our last meeting that we would complete the first five tasks and if time permits, we would do two more. Next week, we will have a call to discuss the validation process. 
If you have any other questions, please feel free to contact me.

Best regards,

Christophe"
1|8.036292314529419|281|"
Dear Tom,

During our last meeting, we decided that we will carry out the first five tasks and complete two more if time permits. Next week, we will have a call to discuss the validation process. If you have any other questions, feel free to contact me.

Best regards,

Christophe"
2|8.094345808029175|290|"
Dear Tom,

We discussed during our last meeting that we would complete the first five tasks and if time permits, we will do two more. Next week, we have a call scheduled to discuss the validation process. If you have any other questions, feel free to contact me.

Best regards,

Christophe"
3|7.822113275527954|280|"
Dear Tom,

At the last meeting we discussed that we would complete the first five tasks and two more if time permits. Next week, we will have a call to discuss the validation process. If you have any other questions, please don't hesitate to contact me. Best regards,

Christophe"
4|8.559614658355713|304|"
Dear Tom,

During our last meeting, we discussed that we would complete the first five tasks and have another two if there's time available. Next week, we will have a call to discuss the validation process. If you have any other questions, please don't hesitate to contact me.

Best regards,

Christophe"
5|8.101863145828247|287|"
Dear Tom,

During our last meeting, we discussed that we would complete the first five tasks and two more if time permits. Next week, we will have a call to discuss the validation process. If you have any other questions, please do not hesitate to contact me.

Best regards,

Christophe"
6|7.728012800216675|281|"
Dear Tom,

During our last meeting, we discussed that we would complete the first five tasks and two more if time permits. Next week, we will have a call to discuss the validation process. If you have any other questions, please feel free to contact me. 
Best regards,

Christophe"
7|7.932199001312256|299|"
Dear Tom,

We discussed during our last meeting that we would complete the first five tasks and two more if time permits. The following week, we have a call scheduled to discuss the validation process. If you have any other questions, please don't hesitate to contact me.

Best regards,

Christophe"
8|7.399714469909668|277|"
Dear Tom,

During our last meeting, we discussed that we would complete the first five tasks and add two more if time permits. Next week, we will have a call to discuss the validation process. If you have any other questions, feel free to contact me. Best regards, Christophe."
9|7.725010395050049|291|"
Dear Tom,

We discussed during our last meeting that we would complete the first five tasks and add two more if time allows. Next week, we will have a call to discuss the validation process. If you have any other questions in the meantime, feel free to reach out.

Best regards,

Christophe"
10|8.37159776687622|307|"
Dear Tom,

During our last meeting, we discussed that we would complete the first five tasks and also have two additional ones if time permits. Next week, we will have a call to discuss the validation process. If you have any other questions, please don't hesitate to contact me.

Best regards,

Christophe"
11|7.8461198806762695|289|"
Dear Tom,

As mentioned in the previous meeting, we were to accomplish the first five tasks and another two if time permits. Next week, we will have a call to discuss the validation process. If you have any other questions, please do not hesitate to contact me.

Best regards,

Christophe"
12|7.280606031417847|272|"
Dear Tom,

We discussed during the last meeting that we would complete the first five tasks and two more if time permits. Next week, we will have a call to discuss the validation process. If you have any other questions, feel free to contact me. 
Best regards,
Christophe"
13|7.951218366622925|288|"
Dear Tom,

We discussed during our last meeting that we would complete the first five tasks and do two more if time permits. Next week, we will have a call to discuss the validation process. If you have any other questions, please don't hesitate to contact me.

Best regards,

Christophe"
14|7.724007844924927|286|"
Dear Tom,

During our last meeting, we discussed that we would complete the first five tasks and if time permits, we would do two more. Next week, we will have a call to discuss the validation process. If you have any other questions, feel free to contact me. Best regards, Christophe."
15|8.284518957138062|305|"
Dear Tom,

We discussed during our last meeting that we would complete the first five tasks and if time permits, do an additional two more tasks. 
Next week, we will have a call to discuss the validation process. If you have any other questions, please feel free to contact me.

Best regards,

Christophe"
16|8.066318988800049|288|"
Dear Tom,

During our last meeting, we discussed that we would complete the first five tasks and do two more if time allows. Next week, we will have a call to discuss the validation process. If you have any other questions, please don't hesitate to contact me.

Best regards,

Christophe"
17|7.506812810897827|279|"
Dear Tom,

We discussed during our last meeting that we would complete the first five tasks and two more if time permits. Next week, we have a call to discuss the validation process. If you have any other questions, please don't hesitate to contact me. Best regards,

Christophe"
18|7.720005989074707|290|"
Dear Tom,

During the last meeting we decided that we will execute the first five tasks and complete two more if time permits. Next week, we will have a call to discuss the validation process. If you have any other questions, please do not hesitate to contact me. Best regards,

Christophe"
19|7.974236488342285|288|"
Dear Tom,

We discussed during our last meeting that we would complete the first five tasks and do two more if time permits. Next week, we will have a call to discuss the validation process. If you have any other questions, please don't hesitate to contact me.

Best regards,

Christophe"
20|8.279513597488403|293|"
Dear Tom,

During our last meeting, we discussed that we would complete the first five tasks and if time permits, we will also finish two more. Next week, we will have a call to discuss the validation process.

Please do let me know if you have any other questions.

Best regards,

Christophe"
21|8.284518957138062|306|"
Dear Tom,

During our last meeting, we discussed that we would complete the first five tasks and make two more if we have the time available. Next week, we will have a call to discuss the validation process. If you have any other questions, please do not hesitate to contact me.

Best regards,

Christophe"
22|7.8291051387786865|285|"
Dear Tom,

During our last meeting, we discussed that we would complete the first five tasks and if time permits, we would do two more. Next week, we will have a call to discuss the validation process. If you have any other questions, feel free to reach out. Best regards,

Christophe"
23|7.3116350173950195|276|"
Dear Tom,

During our last meeting, we discussed that we would complete the first five tasks and add two more if time permits. Next week, we will have a call to discuss the validation process. If you have any other questions, feel free to contact me. Best regards, Christophe"
24|7.955220699310303|287|"
Dear Tom,

During our last meeting, we discussed that we would complete the first five tasks and two more if time permits. Next week, we will have a call to discuss the validation process. If you have any other questions, please do not hesitate to contact me.

Best regards,

Christophe"
25|8.51472783088684|299|"
Dear Tom,

During our last meeting, we discussed that we would complete the first five tasks and if time permits, we would do two more. Next week, we will have a call to discuss the validation process. If you have any other questions, please don't hesitate to contact me.

Best regards,

Christophe"
26|7.494801759719849|306|"
Dear Tom,

During our last meeting we agreed that we would complete the first five tasks and if time permits, two additional tasks. Next week we have a call scheduled to discuss the validation process. If you have any further questions or concerns, please feel free to contact me. Best regards, Christophe"
27|7.632925748825073|283|"
Dear Tom,

We discussed during our last meeting that we would complete the first five tasks and do two more if we have enough time. Next week, we will have a call to discuss the validation process. If you have any other questions, feel free to contact me.

Best regards,

Christophe"
28|7.533837795257568|274|"
Dear Tom,

At the last meeting we agreed that we will carry out the first five tasks and complete two more if time permits. Next week we will have a call to discuss the validation process. If you have any other questions, feel free to contact me.

Best regards,

Christophe"
29|8.095345973968506|290|"
Dear Tom,

During our last meeting, we discussed that we would complete the first five tasks and add two more if time allowed. Next week, we will have a call to discuss the validation process. If you have any other questions, please don't hesitate to contact me.

Best regards,

Christophe"
30|8.09334683418274|295|"
Dear Tom,

During our last meeting, we discussed that we would complete the first five tasks and do two more if time permits. Next week, we will have a call to discuss the validation process. If you have any further questions in the meantime, feel free to contact me.

Best regards,

Christophe"
31|7.5138185024261475|277|"
Dear Tom,

During our last meeting, we discussed that we would complete the first five tasks and add two more if time permits. Next week, we will have a call to discuss the validation process. If you have any other questions, feel free to contact me. Best regards,

Christophe"
32|7.9662299156188965|286|"
Dear Tom,

We discussed during our last meeting that we would complete the first five tasks and if time permits, two more. Next week, we will have a call to discuss the validation process. If you have any other questions, please don't hesitate to contact me.

Best regards,

Christophe"
33|7.8691418170928955|303|"
Dear Tom,

During our last meeting, we discussed that we would complete the first five tasks and add two more if we have the time available. Next week, we will have a call to discuss the validation process. If you have any other questions, please do not hesitate to contact me. Best regards, Christophe"
34|7.700988531112671|284|"
Dear Tom,

We discussed during the last meeting that we would complete the first five tasks and two more if time permits. Next week, we will have a call to discuss the validation process. If you have any other questions, please don't hesitate to contact me. Best regards,

Christophe"
35|8.498711824417114|313|"
Dear Tom,

During our last meeting, we discussed that we would complete the first five tasks and if time permits, we will also finish two more. Next week, we have a call scheduled to discuss the validation process. If you have any other questions, please do not hesitate to contact me.

Best regards,

Christophe"
36|8.206447839736938|299|"
Dear Tom,

During our last meeting, we discussed that we would complete the first five tasks and two additional ones if we have enough time. Next week, we will have a call to discuss the validation process.

Until then, please let me know if you have any other questions.

Best regards,

Christophe"
37|8.080332279205322|290|"
Dear Tom,

We discussed during our last meeting that we would complete the first five tasks and two more if time permits. Next week, we will have a call to discuss the validation process. 
If you have any further questions, please do not hesitate to contact me. 

Best regards,

Christophe"
38|8.991160154342651|315|"
Dear Tom,

We discussed during our last meeting that we would complete the first five tasks and if time permits, we will do two more tasks as well. 
In the next week, we will have a call to discuss the validation process.

If you have any other questions, please feel free to contact me.

Best regards,

Christophe"
39|7.462771654129028|272|"
Dear Tom,

As previously discussed in the last meeting, we will complete the first five tasks and two more if time permits. Next week, we'll have a call to discuss the validation process. If you have any other questions, feel free to contact me. Best regards,

Christophe"
40|7.9852471351623535|288|"
Dear Tom,

During our last meeting, we discussed that we would complete the first five tasks and do two more if time permits. Next week, we will have a call to discuss the validation process. If you have any other questions, please don't hesitate to contact me. Best regards,

Christophe"
41|7.169505834579468|273|"
Dear Tom,

We discussed during the last meeting that we would complete the first five tasks and add two more if time allowed. Next week, we'll have a call to discuss the validation process. If you have any other questions, feel free to contact me. Best regards, Christophe"
42|8.122371435165405|292|"
Dear Tom,

During the last meeting we agreed that we will complete the first five tasks and if time permits, we will do two more. Next week we will have a call to discuss the validation process. If you have any other questions please do not hesitate to contact me.

Best regards,

Christophe"
43|8.125375509262085|289|"
Dear Tom,

During our last meeting, we discussed that we would complete the first five tasks and add two more if time allows. Next week, we will have a call to discuss the validation process. If you have any other questions, please don't hesitate to contact me.

Best regards,

Christophe"
44|8.655852794647217|312|"
Dear Tom,

During our last meeting, we discussed that we would complete the first five tasks and if time permits, we will also finish two more. Next week, we have a call scheduled to discuss the validation process. If you have any other questions, please don't hesitate to contact me.

Best regards,

Christophe"
45|8.105355501174927|286|"
Dear Tom,

During our last meeting, we discussed that we would complete the first five tasks and two more if time permits. Next week, we will have a call to discuss the validation process. If you have any other questions, please don't hesitate to contact me.

Best regards,

Christophe"
46|7.933200120925903|286|"
Dear Tom,

We discussed during the last meeting that we would complete the first five tasks and if time permits, we would do two more. Next week, we will have a call to discuss the validation process. If you have any other questions, feel free to contact me.

Best regards,

Christophe"
47|8.563771724700928|303|"
Dear Tom,

During our last meeting, we discussed that we would complete the first five tasks and if time permits, we would do two more. Next week, we will have a call to discuss the validation process. If you have any other questions beforehand, feel free to reach out to me.

Best regards,

Christophe"
48|7.997257232666016|290|"
Dear Tom,

During our last meeting we decided that we will carry out the first five tasks and complete two more if time permits. Next week we will have a call to discuss the validation process. If you have any other questions, please don't hesitate to contact me. 
Best regards,
Christophe"
49|7.89616584777832|282|"
Dear Tom,

During our last meeting we agreed that we would complete the first five tasks and two more if time allowed. Next week, we will have a call to discuss the validation process. If you have any other questions, please don't hesitate to contact me.

Best regards,

Christophe"
50|7.999258518218994|287|"
Dear Tom,

During our last meeting, we discussed that we would complete the first five tasks and two more if time permits. Next week, we will have a call to discuss the validation process. If you have any other questions, please do not hesitate to contact me.

Best regards,

Christophe"
51|9.119277238845825|325|"
Dear Tom,

As previously discussed in the last meeting, we will complete the first five tasks and have a follow-up discussion if we have any time remaining. Next week, we will have a call to discuss the validation process. If you have any other questions, please don't hesitate to contact me.

Best regards,

Christophe
</s>"
52|8.885062217712402|298|"
Dear Tom,

During our last meeting, we discussed that we would complete the first five tasks and if time permits, we will add two more. Next week, we'll have a call to discuss the validation process. 
If you have any other questions, please don't hesitate to contact me.

Best regards,

Christophe"
53|7.69598388671875|284|"
Dear Tom,

We discussed during our last meeting that we would complete the first five tasks and two more if time permits. Next week, we will have a call to discuss the validation process. If you have any other questions, please don't hesitate to contact me. Best regards,

Christophe"
54|8.572779655456543|312|"
Dear Tom,

We discussed during our last meeting that we would complete the first five tasks and add two more if there's enough time available to us. In the next week, we'll have a call to discuss the validation process. If you have any other questions, please feel free to contact me.

Best regards,

Christophe"
55|8.529741048812866|300|"
Dear Tom,

We discussed during our last meeting that we would complete the first five tasks and have another two if there's time left. Next week, we will have a call to discuss the validation process. 

If you have any other questions, please don't hesitate to contact me.

Best regards,

Christophe"
56|8.262498140335083|290|"
Dear Tom,

During our last meeting, we discussed that we would complete the first five tasks and add two more if time permits. Next week, we will have a call to discuss the validation process. If you have any other questions, please don't hesitate to contact me.

Best regards,

Christophe"
57|8.116365432739258|291|"
Dear Tom,

During our last meeting, we discussed that we would complete the first five tasks and add two more if time permits. Next week, we will have a call to discuss the validation process. If you have any other questions, please do not hesitate to contact me.

Best regards,

Christophe"
58|7.82510232925415|286|"
Dear Tom,

We discussed during our last meeting that we would complete the first five tasks and two more if time permits. Next week, we will have a call to discuss the validation process. If you have any other questions, please do not hesitate to contact me.

Best regards,

Christophe"
59|7.6689581871032715|287|"
Dear Tom,

During our last meeting, we discussed that we would complete the first five tasks and if time permits, we would do two more. Next week, we will have a call to discuss the validation process. If you have any further questions, feel free to contact me. Best regards, Christophe"
60|7.9201881885528564|275|"
Dear Tom,

During our last meeting, we discussed that we would complete the first five tasks and two more if time permits. Next week, we'll have a call to talk about the validation process. If you have any other questions, feel free to contact me.

Best regards,

Christophe"
61|7.706993818283081|274|"
Dear Tom,

During our last meeting, we discussed that we would complete the first five tasks and two more if time permits. Next week, we will have a call to discuss the validation process. If you have any other questions, feel free to contact me.

Best regards,

Christophe"
62|8.374600172042847|307|"
Dear Tom,

During our last meeting, we discussed that we would complete the first 5 tasks and additionally create another two if time permits. Next week, we will have a call to discuss the validation process. If you have any other questions, please do not hesitate to contact me.

Best regards,

Christophe"
63|8.25048828125|298|"
Dear Tom,

During our last meeting, we discussed that we would complete the first five tasks and do two more if we have the time available. Next week, we will have a call to discuss the validation process.

Please feel free to contact me if you have any other questions.

Best regards,

Christophe"
64|7.515819072723389|273|"
Dear Tom,

During our last meeting, we discussed that we would complete the first five tasks and two more if time permits. Next week, we will have a call to discuss the validation process. If you have any other questions, feel free to contact me. Best regards,

Christophe"
65|7.6859753131866455|278|"
Dear Tom,

We discussed during the last meeting that we would complete the first five tasks and two more if time permits. Next week, we will have a call to discuss the validation process. If you have any other questions, feel free to reach out to me.

Best regards,

Christophe"
66|8.340569019317627|290|"
Dear Tom,

During our last meeting, we discussed that we would complete the first five tasks and two more if time permits. Next week, we will have a call to discuss the validation process. If you have any other questions, please don't hesitate to reach out to me. Warm regards,

Christophe"
67|7.756040334701538|275|"
Dear Tom,

During our last meeting, we discussed that we would complete the first five tasks and two more if time permits. Next week, we will have a call to discuss the validation process. If you have any other questions, feel free to reach out. Warmest regards,

Christophe"
68|7.687974452972412|284|"
Dear Tom,

During our last meeting, we discussed that we would complete the first five tasks and two more if time permits. Next week, we will have a call to discuss the validation process. If you have any other questions, please don't hesitate to contact me. Best regards, Christophe"
69|7.533836841583252|280|"
Dear Tom,

We discussed during our last meeting that we would complete the first five tasks and work on two more if time permits. Next week, we will have a call to discuss the validation process. If you have any other questions, feel free to contact me. Best regards,

Christophe"
70|7.855128526687622|281|"
Dear Tom,

During our last meeting, we discussed that we would complete the first five tasks and two more if we have enough time. Next week, we will have a call to discuss the validation process. If you have any other questions, feel free to contact me.

Best regards,

Christophe"
71|8.04630184173584|290|"
Dear Tom,

At the last meeting we discussed that we would complete the first five tasks and if time permits, we would do two more. Next week, we will have a call to discuss the validation process. In the meantime, feel free to reach out with any other questions.

Best regards,

Christophe"
72|8.493709564208984|308|"
Dear Tom,

During our last meeting, we discussed that we would complete the first five tasks and would finish an additional two if time permits. Next week, we will have a call to discuss the validation process. If you have any other questions, please don't hesitate to contact me.

Best regards,

Christophe"
73|7.572870969772339|273|"
Dear Tom,

We discussed during our last meeting that we would complete the first five tasks and two more if time permits. Next week, we will have a call to discuss the validation process. If you have any other questions, feel free to reach out. 

Best regards,

Christophe"
74|7.828104257583618|285|"
Dear Tom,

During our last meeting, we discussed that we would complete the first five tasks and two more if time permits. Next week, we will have a call to discuss the validation process. If you have any other questions, please don't hesitate to contact me. Best regards, Christophe."
75|7.984245538711548|312|"
Dear Tom,

We discussed during our last meeting that we would complete the first five tasks and potentially finish an additional two if we had time. Next week, we will have a call to discuss the validation process. If you have any other questions, please do not hesitate to contact me. Best regards,

Christophe"
76|9.045207977294922|323|"
Dear Tom,

We discussed during our last meeting that we would complete the first five tasks and work on two additional ones if we have the time left over. Next week, we will have a call to discuss the validation process. If you have any other questions, please don't hesitate to contact me.

Best regards,

Christophe
</s>"
77|7.581880807876587|280|"
Dear Tom,

At the last meeting, we discussed that we would complete the first five tasks and two more if time permits. Next week, we will have a call to discuss the validation process. If you have any other questions, please don't hesitate to contact me. Best regards, Christophe"
78|7.579879522323608|281|"
Dear Tom,

During our last meeting, we agreed that we would accomplish the first five tasks and complete two more if time permits. Next week, we will have a call to discuss the validation process. If you have any other questions, feel free to contact me. Best regards,

Christophe"
79|8.401623249053955|287|"
Dear Tom,

During our last meeting, we discussed that we will carry out the first 5 tasks and complete an additional 2 if time permits. Next week, we will have a call to discuss the validation process. If you have any other questions, feel free to contact me.

Best regards,

Christophe"
80|7.863136529922485|286|"
Dear Tom,

We discussed during our last meeting that we would complete the first five tasks and two more if time permits. Next week, we will have a call to discuss the validation process. If you have any other questions, please do not hesitate to contact me.

Best regards,

Christophe"
81|7.81809401512146|284|"
Dear Tom,

We discussed during our last meeting that we would complete the first five tasks and do two more if time permits. Next week, we will have a call to discuss the validation process.

Please feel free to reach out if you have any further questions.

Best regards,

Christophe"
82|9.167319774627686|304|"
Dear Tom,

During our last meeting, we discussed that we would complete the first five tasks and if time permits, we would do two more. Next week, we will have a call to discuss the validation process. 
If you have any other questions, please don't hesitate to contact me.

Best regards,
Christophe
</s>"
83|8.141388893127441|289|"
Dear Tom,

We discussed during our last meeting that we would complete the first five tasks and do two more if time permits. Next week, we will have a call to discuss the validation process. If you have any other questions, please do not hesitate to reach out. 

Best regards,

Christophe"
84|7.492798566818237|268|"
Dear Tom,

At the last meeting we discussed that we would complete the first five tasks and if time permits, two more. Next week, we will have a call to discuss the validation process. If you have any other questions, feel free to reach out. 
Best regards,
Christophe"
85|7.860133647918701|292|"
Dear Tom,

During our last meeting, we discussed that we would complete the first five tasks and if time permits, two additional ones. Next week, we will have a call to discuss the validation process. If you have any other questions, please feel free to contact me. Best regards,

Christophe"
86|8.027286291122437|289|"
Dear Tom,

We discussed during our last meeting that we would complete the first five tasks and add two more if time permits. Next week, we will have a call to discuss the validation process. If you have any other questions, please don't hesitate to contact me.

Best regards,

Christophe"
87|8.28451681137085|290|"
Dear Tom,

During our last meeting, we discussed that we would complete the first five tasks and two more if time permits. Next week, we will have a call to discuss the validation process. If you have any other questions, please don't hesitate to reach out to me. 
Best regards,
Christophe"
88|7.993253469467163|297|"
Dear Tom,

We discussed during our last meeting that we would accomplish the first five tasks and complete two more if time permits. Next week, we will have a call to discuss the validation process. If you have any other questions, please do not hesitate to contact me.

Best regards,

Christophe"
89|8.307539701461792|287|"
Dear Tom,

During our last meeting, we discussed that we would complete the first five tasks and if time permits, we would do two more. Next week, we will have a call to discuss the validation process. If you have any other questions, feel free to reach out. 

Best regards,

Christophe"
90|8.00626540184021|285|"
Dear Tom,

We discussed during our last meeting that we would complete the first five tasks and two more if time permits. Next week, we will have a call to discuss the validation process. If you have any other questions, please don't hesitate to contact me.

Best regards,

Christophe"
91|7.296621561050415|279|"
Dear Tom,

We discussed during our last meeting that we would complete the first five tasks and if time allows, two more. Next week, we will have a call to discuss the validation process. If you have any other questions, please feel free to contact me. Best regards, Christophe."
92|8.101352214813232|282|"
Dear Tom,

During our last meeting, we discussed that we would complete the first five tasks and if time permits, we would do two more. Next week, we will have a call to discuss the validation process. If you have any other questions, please let me know. 
Best regards,

Christophe"
93|8.453672170639038|307|"
Dear Tom,

During our last meeting, we discussed that we would complete the first 5 tasks and additionally create another two if time permits. Next week, we will have a call to discuss the validation process. If you have any other questions, please do not hesitate to contact me.

Best regards,

Christophe"
94|7.778057813644409|284|"
Dear Tom,

We discussed during our last meeting that we would complete the first five tasks and two more if time permits. Next week, we will have a call to discuss the validation process. If you have any other questions, please don't hesitate to contact me. Best regards,

Christophe"
95|8.377602815628052|303|"
Dear Tom,

We discussed during the last meeting that we would complete the first five tasks and if time permits, add two more to our list. Next week, we will have a call to discuss the validation process. If you have any other questions, please do not hesitate to contact me.

Best regards,

Christophe"
96|7.9031713008880615|292|"
Dear Tom,

We discussed during our last meeting that we would complete the first five tasks and two others if there's enough time remaining. Next week, we will have a call to discuss the validation process. If you have any other questions, feel free to contact me. 
Best regards, 
Christophe"
97|7.921189069747925|288|"
Dear Tom,

We discussed during our last meeting that we would complete the first five tasks and work on two more if time permits. Next week we have a call to discuss the validation process. If you have any other questions, please do not hesitate to contact me.

Best regards,

Christophe"
98|8.369595289230347|297|"
Dear Tom,

We discussed during our last meeting that we would complete the first five tasks and two more if time permits. Next week, we will have a call to discuss the validation process. If you have any other questions before then, please don't hesitate to contact me.

Best regards,

Christophe"
99|7.977240085601807|293|"
Dear Tom,

During our last meeting, we discussed that we would complete the first five tasks and if time permits, we would do two more. Next week, we will have a call to discuss the validation process. If you have any other questions, please feel free to contact me. Best regards, Christophe."
